Name,Email,Phone Number,Last Payment,Next Payment,Payment Period
Caridad Izaguirre Escrivá,loidaroyo@example.com,+34 +34  94 684,2024-10-16,2024-11-15,monthly
Gilberto Ballester Bautista,bernardino32@example.com,+34 +34 835  78,2024-06-24,2024-09-22,quarterly
Enrique Garcia,samu97@example.net,+34 +34  86 2 9,2024-10-22,2024-11-21,monthly
Encarnación Peral Bauzà,xabad@example.com,+34 +34  87 7 4,2024-12-08,2025-01-07,monthly
Ana Sofía Morell Soto,felipa93@example.com,+34 +34  92 869,2024-06-07,2024-07-07,monthly
Gabino Rocha Benítez,grauemiliano@example.com,+34 +34 827 089,2025-01-30,2026-01-30,annually
Amarilis de Urrutia,ssoler@example.com,+34 +34 876  89,2024-10-13,2025-01-11,quarterly
Benigno Llorente-Morillo,pozueloestrella@example.com,+34 +34  87 4 6,2025-03-13,2026-03-13,annually
Vicente Bertrán Recio,inmaculada25@example.org,+34 +34  98 3 9,2024-03-16,2024-06-14,quarterly
Abraham Falcó Garmendia,elvira74@example.net,+34 +34 872  35,2025-02-05,2026-02-05,annually
Nicolás Font Egea,vilaltamonica@example.org,+34 +34  84 467,2024-11-15,2025-02-13,quarterly
Amaro Vendrell-Cáceres,juanitosalinas@example.com,+34 +34  88 8 1,2024-06-25,2025-06-25,annually
José Mari Galiano Prado,tcarpio@example.net,+34 +34  92 239,2025-02-19,2025-05-20,quarterly
Clara Andrade Leon,soledad03@example.com,+34 +34 823 395,2025-02-17,2025-03-19,monthly
Néstor Casal Osuna,torrentslidia@example.org,+34 +34  82 4 8,2024-08-30,2024-09-29,monthly
Aitor Cordero Fiol,custodiapelayo@example.net,+34 +34 913  82,2025-03-10,2025-04-09,monthly
Sofía Amores Puig,wilfredo26@example.org,+34 +34  80 6 1,2024-12-21,2025-12-21,annually
Vinicio Alberto,natividadanguita@example.org,+34 +34 827  85,2024-07-02,2024-09-30,quarterly
Ismael Lalo Mayol Saez,palomaramado@example.com,+34 +34 885 340,2024-10-22,2025-01-20,quarterly
Calisto Benítez-Blanes,rsanjuan@example.net,+34 +34  97 948,2024-08-06,2025-08-06,annually
Isaura Bayo Pombo,jose-angel29@example.net,+34 +34 923  98,2025-02-07,2026-02-07,annually
Fabiana Vázquez Azorin,juradoosvaldo@example.net,+34 +34 943  71,2024-06-27,2024-09-25,quarterly
Celestina del Ruano,adieguez@example.net,+34 +34 977 964,2025-02-02,2025-05-03,quarterly
Rosa María Carrasco Barrio,qantunez@example.org,+34 +34 823  40,2024-04-05,2025-04-05,annually
Melchor Marc Bonilla Adadia,ycabeza@example.org,+34 +34  84 438,2024-10-15,2025-10-15,annually
Francisca Martina Ramis Martorell,qporcel@example.com,+34 +34  87 9 9,2024-05-15,2025-05-15,annually
Toño del Flores,dalcalde@example.com,+34 +34 849 976,2025-03-06,2026-03-06,annually
Hugo Teodoro Vila Bernat,ruedabenjamin@example.com,+34 +34  94 9 6,2024-09-14,2025-09-14,annually
Salvador del Romeu,epifanio87@example.org,+34 +34  88 0 8,2024-06-10,2024-09-08,quarterly
Georgina del Heras,qmiranda@example.net,+34 +34 881 155,2025-01-06,2025-04-06,quarterly
Rosaura Rey Batlle,agustibegona@example.org,+34 +34 921  62,2024-10-08,2025-10-08,annually
Encarnación Jordá Tormo,sara49@example.org,+34 +34  84 1 2,2024-06-08,2025-06-08,annually
Benita Infante,almudenaalvarez@example.com,+34 +34  92 691,2025-02-02,2025-05-03,quarterly
Eleuterio Caballero Araujo,ycabrera@example.net,+34 +34  95 3 9,2024-08-06,2024-11-04,quarterly
Urbano Mateu Hierro,paulino36@example.org,+34 +34 971  93,2024-07-19,2024-08-18,monthly
Desiderio Garcés,pinedovidal@example.net,+34 +34  85 6 8,2024-08-13,2024-11-11,quarterly
Onofre Álvarez Pujadas,diegoterron@example.net,+34 +34 822  71,2024-08-01,2025-08-01,annually
Inmaculada de Casado,artemio70@example.org,+34 +34  97 186,2024-07-04,2025-07-04,annually
Nicodemo Recio Bárcena,tdiez@example.com,+34 +34 928 815,2025-02-12,2026-02-12,annually
Miriam María José Ripoll Soto,dionisiapolo@example.com,+34 +34  92 2 0,2024-10-26,2024-11-25,monthly
Benigna Lluch Neira,olmedopaulina@example.net,+34 +34 926 697,2024-07-20,2025-07-20,annually
Iris Montesinos Acosta,ario@example.org,+34 +34 949  14,2024-08-23,2024-11-21,quarterly
Iker Paniagua Villena,vpedrero@example.net,+34 +34 983  86,2024-04-28,2025-04-28,annually
Angélica Folch Sala,ccaparros@example.org,+34 +34 820  45,2024-10-22,2024-11-21,monthly
Olimpia Arévalo Tamayo,psalmeron@example.org,+34 +34  97 7 2,2024-08-28,2024-11-26,quarterly
Paz Morante Prats,oherranz@example.org,+34 +34 944  85,2025-03-12,2025-04-11,monthly
María Teresa de Tejada,alberdiamerica@example.net,+34 +34 848  40,2024-04-15,2024-05-15,monthly
Teodosio del Iñiguez,susanitajimenez@example.com,+34 +34  92 2 8,2025-02-12,2025-03-14,monthly
Ovidio Velázquez Bustos,celiabermudez@example.com,+34 +34 828  33,2024-07-28,2024-08-27,monthly
Pepe Prada Marco,maria-luisa93@example.org,+34 +34  88 344,2024-05-10,2024-06-09,monthly
Evelia Nicolás Gonzalo,jduran@example.net,+34 +34 849 918,2024-05-27,2025-05-27,annually
Pascuala Camacho Galán,ldaza@example.net,+34 +34  97 8 5,2024-11-08,2024-12-08,monthly
Casandra Rosa María Montenegro Alberdi,solsonairis@example.net,+34 +34 879  22,2024-10-27,2024-11-26,monthly
Cayetana Sáenz,adolfo76@example.net,+34 +34 839 353,2024-12-12,2025-03-12,quarterly
Aníbal Berrocal,montserrat83@example.org,+34 +34 875  96,2024-03-19,2024-06-17,quarterly
Ágata Álamo Izaguirre,alerma@example.org,+34 +34  92 5 9,2024-09-17,2024-10-17,monthly
Alejo Vélez Infante,severiano49@example.org,+34 +34  84 3 6,2024-11-21,2024-12-21,monthly
Máxima Pablo Plana,vcalzada@example.com,+34 +34 981 059,2024-04-10,2025-04-10,annually
Ibán Matías Quintana Guardia,marino21@example.com,+34 +34  84 1 7,2025-02-08,2025-03-10,monthly
Dalila Lucas Zabala,amanda10@example.org,+34 +34 972 278,2025-02-13,2025-05-14,quarterly
Félix Canales Zamorano,adelardo81@example.com,+34 +34 822  86,2024-04-01,2025-04-01,annually
Elías Roma Abascal,ciro82@example.com,+34 +34  97 521,2024-08-29,2025-08-29,annually
Belen del Girón,nataliobauza@example.net,+34 +34  92 2 5,2024-07-26,2025-07-26,annually
Alexandra Salvador,alicia97@example.net,+34 +34  94 3 1,2024-11-10,2024-12-10,monthly
Valerio Borrás Pelayo,marmolheliodoro@example.net,+34 +34 925  02,2024-06-08,2024-07-08,monthly
Benito Mercader-Rubio,javicastaneda@example.com,+34 +34 806 313,2025-02-21,2025-05-22,quarterly
Alejo Torralba-Carreras,felicia57@example.net,+34 +34 850  14,2024-10-31,2024-11-30,monthly
Pastora Oliva Cuenca,menendezdamian@example.org,+34 +34 875  99,2024-03-31,2024-06-29,quarterly
Ale Vega Guerra,federico40@example.net,+34 +34  90 0 6,2024-03-20,2024-06-18,quarterly
Sofía Sola Calzada,pascual72@example.org,+34 +34 944  05,2024-10-27,2025-10-27,annually
Carolina Sabina Figuerola Díaz,haydee26@example.org,+34 +34  82 5 6,2025-03-05,2026-03-05,annually
Rodolfo Garmendia Redondo,crespichus@example.net,+34 +34 924  97,2024-09-02,2024-10-02,monthly
Maximino Leon Melero,herminia94@example.com,+34 +34 902 605,2024-03-25,2025-03-25,annually
Domitila Figueroa Ariza,qcastejon@example.com,+34 +34  97 304,2024-06-07,2025-06-07,annually
Pastor Bernat Salvador,valencianoisaura@example.com,+34 +34  88 727,2024-07-21,2024-10-19,quarterly
Néstor Querol Millán,rafaelauribe@example.com,+34 +34  87 7 5,2024-05-14,2025-05-14,annually
Humberto Andres-Moles,gema42@example.net,+34 +34 942  56,2024-04-02,2024-07-01,quarterly
Valentina Julián Roldán,fbru@example.net,+34 +34 800 690,2024-11-24,2024-12-24,monthly
África Ainara Benito Piñeiro,atello@example.com,+34 +34 933  75,2025-03-07,2025-04-06,monthly
Úrsula Baquero Donoso,casaljulia@example.net,+34 +34 923 214,2024-11-28,2025-11-28,annually
Estrella Ramírez Gallart,usotelo@example.org,+34 +34  92 705,2024-05-30,2025-05-30,annually
Bautista Cañas Pérez,cabanasmarco@example.org,+34 +34 947  46,2025-01-26,2025-04-26,quarterly
Feliciano Moreno Ayuso,cebriancordoba@example.com,+34 +34 943  61,2024-09-21,2024-12-20,quarterly
Francisco Javier Armando Prieto Pereira,qlujan@example.net,+34 +34 875 743,2024-12-30,2025-01-29,monthly
Eugenia Escudero Carlos,socorro71@example.com,+34 +34  98 576,2024-12-29,2025-12-29,annually
Vera del Cabanillas,fmata@example.com,+34 +34 928 605,2024-06-20,2024-07-20,monthly
Ildefonso Álamo Prieto,godofredosainz@example.org,+34 +34  97 3 7,2025-03-13,2025-04-12,monthly
María Pilar del Cantero,diego19@example.net,+34 +34 736  72,2024-07-11,2024-08-10,monthly
Juanito Calvet Guardiola,vera47@example.org,+34 +34 917  80,2024-07-23,2025-07-23,annually
Cesar Márquez Aguado,rferrando@example.com,+34 +34  98 161,2024-10-08,2025-01-06,quarterly
Glauco del Conesa,ibarrarosa-maria@example.com,+34 +34  94 116,2024-07-07,2024-10-05,quarterly
Domitila Ballester Gibert,marcianoleon@example.net,+34 +34 720  82,2024-09-03,2025-09-03,annually
Francisco Colom Ibarra,brunilda72@example.net,+34 +34  88 7 9,2024-05-13,2024-08-11,quarterly
Ana Sofía Rocha Río,edelmiro87@example.org,+34 +34  94 391,2024-07-30,2024-08-29,monthly
Zacarías Sales Ibáñez,pliniopastor@example.net,+34 +34  82 5 4,2025-02-24,2025-05-25,quarterly
Piedad Mateo Iñiguez,tvalencia@example.com,+34 +34 902  90,2025-02-03,2025-03-05,monthly
Pastor Cañete,judith94@example.org,+34 +34  88 2 4,2024-11-15,2024-12-15,monthly
Rosario de Ariño,lucasribera@example.net,+34 +34 872  26,2024-04-15,2024-07-14,quarterly
Aarón Bolaños Arévalo,rodolfopinilla@example.com,+34 +34  97 7 8,2024-10-06,2025-01-04,quarterly
Máximo Palmer Carvajal,zacariasportillo@example.org,+34 +34 968  80,2024-05-01,2024-07-30,quarterly
